id,mark,model,year,price
3601028-85f9f244,TRIUMPH,ROCKET,2020,25000
3585886-5b244804,TRIUMPH,TIGER_900,2020,16713
3555468-166b38fd,TRIUMPH,BONNEVILLE_T120,2020,12826
3555464-03cfccb8,TRIUMPH,TIGER_900,2020,16713
3585894-3d5f5100,TRIUMPH,BONNEVILLE_T120,2020,12826
3601876-9604621a,TRIUMPH,TIGER_900,2020,18138
3601028-85f9f244,TRIUMPH,ROCKET,2020,25000
3585886-5b244804,TRIUMPH,TIGER_900,2020,16713
3555468-166b38fd,TRIUMPH,BONNEVILLE_T120,2020,12826
3555464-03cfccb8,TRIUMPH,TIGER_900,2020,16713
3585894-3d5f5100,TRIUMPH,BONNEVILLE_T120,2020,12826
3601876-9604621a,TRIUMPH,TIGER_900,2020,18138
3624204-baab09b4,TRIUMPH,SPEED_TRIPLE,2020,14899
3627096-8147836e,TRIUMPH,TRIDENT,2020,9548
2719774-ef3b533f,TRIUMPH,BONNEVILLE_BOBBER,2020,16453
3617502-e0851f5f,TRIUMPH,THRUXTON,2020,12826
3060226-c91cb9d4,TRIUMPH,SPEED_TWIN,2020,14899
3588610-01ae5bcb,TRIUMPH,BONNEVILLE_BOBBER,2020,16842
3617420-738196ae,TRIUMPH,BONNEVILLE_BOBBER,2020,8421
3601028-85f9f244,TRIUMPH,ROCKET,2020,25000
3593810-025b203d,TRIUMPH,ROCKET,2020,16842
3563456-4e763ecd,TRIUMPH,BONNEVILLE,2020,6607
3594160-5ae07f0f,TRIUMPH,ROCKET,2020,23000
3594118-5f9adfd0,TRIUMPH,ROCKET,2020,23000
3626064-d98a2f5a,TRIUMPH,THRUXTON,2019,24486
3620048-bf6c398a,TRIUMPH,BONNEVILLE_T100,2019,9717
3563378-ea329f9b,TRIUMPH,SPEED_TWIN,2019,11660
3626064-d98a2f5a,TRIUMPH,THRUXTON,2019,24486
3620048-bf6c398a,TRIUMPH,BONNEVILLE_T100,2019,9717
3563378-ea329f9b,TRIUMPH,SPEED_TWIN,2019,11660
3592522-fdd83f4a,TRIUMPH,STREET_TWIN,2019,10364
3486614-aab2b6ad,TRIUMPH,TIGER_EXPLORER,2019,15741
3539698-bdcbbd67,TRIUMPH,BONNEVILLE_T120,2019,14899
3535466-46fe5068,TRIUMPH,TIGER_800,2019,10364
3621024-abf81517,TRIUMPH,SCRAMBLER,2019,15547
3575008-0657a7f4,TRIUMPH,SCRAMBLER,2019,12955
3550550-1730d512,TRIUMPH,STREET_TWIN,2019,9056
3590120-08a731eb,TRIUMPH,STREET_TRIPLE,2019,12761
3520138-7e6c8584,TRIUMPH,SPEEDMASTER,2019,13215
3504168-276e6426,TRIUMPH,SPEED_TWIN,2019,11012
3205082-dbd401b0,TRIUMPH,THRUXTON,2019,21636
3623630-4e1ae087,TRIUMPH,STREET_TRIPLE,2019,8421
3607658-71d0d9b2,TRIUMPH,BONNEVILLE_BOBBER,2019,13203
3582050-06eff0d3,TRIUMPH,ROCKET,2019,11012
3581672-ce62b3d5,TRIUMPH,ROCKET,2019,15028
3332282-4d373b8b,TRIUMPH,SCRAMBLER,2019,9328
3597580-cc8a8509,TRIUMPH,BONNEVILLE_BOBBER,2019,9000
3597366-5c4f5e87,TRIUMPH,BONNEVILLE_BOBBER,2019,9000
3585520-981bfbb2,TRIUMPH,STREET_TWIN,2019,7061
3622620-7815aa3a,TRIUMPH,BONNEVILLE_SPEEDMASTER,2018,12567
3621308-eb2be6db,TRIUMPH,BONNEVILLE_T120,2018,12308
3604746-1b96a667,TRIUMPH,BONNEVILLE_T120,2018,10338
3563824-99ced346,TRIUMPH,STREET_TWIN,2018,10364
3548034-f5b263ae,TRIUMPH,TIGER_800,2018,12308
3595270-82ccfeee,TRIUMPH,BONNEVILLE_SPEEDMASTER,2018,9717
3466756-ea2270fa,TRIUMPH,TIGER_EXPLORER,2018,12826
3622620-7815aa3a,TRIUMPH,BONNEVILLE_SPEEDMASTER,2018,12567
3621308-eb2be6db,TRIUMPH,BONNEVILLE_T120,2018,12308
3604746-1b96a667,TRIUMPH,BONNEVILLE_T120,2018,10338
3563824-99ced346,TRIUMPH,STREET_TWIN,2018,10364
3548034-f5b263ae,TRIUMPH,TIGER_800,2018,12308
3595270-82ccfeee,TRIUMPH,BONNEVILLE_SPEEDMASTER,2018,9717
3466756-ea2270fa,TRIUMPH,TIGER_EXPLORER,2018,12826
3623422-fa394417,TRIUMPH,BONNEVILLE_T120,2018,9846
3617552-b6ca5725,TRIUMPH,BONNEVILLE_BOBBER,2018,12567
3575558-4840244f,TRIUMPH,SPEEDMASTER,2018,9198
3206556-e9b901ec,TRIUMPH,ROCKET,2018,21377
3467456-0456d0e3,TRIUMPH,TIGER_800,2018,12696
3417428-c3ae25bf,TRIUMPH,BONNEVILLE_BOBBER,2018,19433
3624772-a19ac17b,TRIUMPH,SCRAMBLER,2018,11012
3541478-74733302,TRIUMPH,BONNEVILLE_BOBBER,2018,17270
3497870-27ee3d65,TRIUMPH,BONNEVILLE,2018,16829
3522690-87134451,TRIUMPH,TIGER_EXPLORER,2018,16842
3624712-aa4efcd2,TRIUMPH,BONNEVILLE_SPEEDMASTER,2018,13453
3617430-afe6f477,TRIUMPH,ROCKET,2018,9328
3613498-0bac721f,TRIUMPH,BONNEVILLE_T100,2018,10472
3607668-221bf003,TRIUMPH,THRUXTON,2018,14839
3606122-c4355e65,TRIUMPH,BONNEVILLE_BOBBER,2018,11796
3589782-864a5254,TRIUMPH,THRUXTON,2018,14799
3594102-e10c0027,TRIUMPH,ROCKET,2018,13800
3249006-f0cde512,TRIUMPH,ROCKET,2018,10235
3496593-ccf08b81,TRIUMPH,BONNEVILLE_SPEEDMASTER,2018,6465
3608730-e377b4d6,TRIUMPH,BONNEVILLE_T120,2017,11660
3605754-ded62b40,TRIUMPH,SCRAMBLER,2017,7113
3576410-ac76db27,TRIUMPH,BONNEVILLE_T100,2017,9419
3535798-08fcea33,TRIUMPH,BONNEVILLE_T120,2017,8900
3542144-7371dbc1,TRIUMPH,TIGER_EXPLORER,2017,10688
3624872-542f767e,TRIUMPH,STREET_TWIN,2017,7126
3365040-67345b10,TRIUMPH,TIGER_800,2017,9717
3064300-5a367bd9,TRIUMPH,THRUXTON,2017,11012
3608730-e377b4d6,TRIUMPH,BONNEVILLE_T120,2017,11660
3605754-ded62b40,TRIUMPH,SCRAMBLER,2017,7113
3576410-ac76db27,TRIUMPH,BONNEVILLE_T100,2017,9419
3535798-08fcea33,TRIUMPH,BONNEVILLE_T120,2017,8900
3542144-7371dbc1,TRIUMPH,TIGER_EXPLORER,2017,10688
3624872-542f767e,TRIUMPH,STREET_TWIN,2017,7126
3365040-67345b10,TRIUMPH,TIGER_800,2017,9717
3064300-5a367bd9,TRIUMPH,THRUXTON,2017,11012
3585238-f39e6811,TRIUMPH,SCRAMBLER,2017,7903
3595076-241b6408,TRIUMPH,TIGER_800,2017,10364
3491600-a2b5fba5,TRIUMPH,SPEED_TRIPLE,2017,11012
3309922-cf78a119,TRIUMPH,BONNEVILLE_T120,2017,10364
3526626-604a5019,TRIUMPH,STREET_TWIN,2017,6607
3621972-f4bd726e,TRIUMPH,TIGER_EXPLORER,2017,16842
3499184-5555ffc9,TRIUMPH,SCRAMBLER,2017,6465
3608730-e377b4d6,TRIUMPH,BONNEVILLE_T120,2017,11660
3616292-5c09f806,TRIUMPH,BONNEVILLE_BOBBER,2017,12308
3624802-9b9a7b3f,TRIUMPH,BONNEVILLE_BOBBER,2017,12308
3592158-7f8f8d91,TRIUMPH,TIGER_EXPLORER,2017,9717
3450086-a853c9c4,TRIUMPH,TIGER,2017,10623
3231578-4bb793f0,TRIUMPH,THRUXTON,2017,10494
3561612-f9d88175,TRIUMPH,THRUXTON,2017,12308
2882165-b9d691fa,TRIUMPH,SCRAMBLER,2017,9198
3599538-74074af0,TRIUMPH,THRUXTON,2017,9717
3625966-9a7ffdd7,TRIUMPH,SPEED_TRIPLE,2017,8421
3625694-7a309d08,TRIUMPH,STREET_TWIN,2017,5493
3617142-cdd15c8b,TRIUMPH,TIGER_EXPLORER,2017,8680
3587002-1369f242,TRIUMPH,TIGER_EXPLORER,2017,15547
3584276-8e5421cd,TRIUMPH,STREET_TWIN,2017,5169
3585246-e146107d,TRIUMPH,TROPHY_1200,2017,10300
3563532-a4995fa9,TRIUMPH,SCRAMBLER,2017,5312
3605002-78f37bfb,TRIUMPH,THRUXTON,2016,10364
3229534-c21e6053,TRIUMPH,SPEED_TRIPLE,2016,7644
3620090-f58018f7,TRIUMPH,STREET_TWIN,2016,7644
3605002-78f37bfb,TRIUMPH,THRUXTON,2016,10364
3229534-c21e6053,TRIUMPH,SPEED_TRIPLE,2016,7644
3620090-f58018f7,TRIUMPH,STREET_TWIN,2016,7644
3205088-2ac8760c,TRIUMPH,SPEEDMASTER,2016,6500
3472178-c5f20f95,TRIUMPH,THRUXTON,2016,12437
3545852-d6165538,TRIUMPH,TIGER_800,2016,7760
3578642-a8edf885,TRIUMPH,THRUXTON,2016,15999
3480092-5afedfb0,TRIUMPH,STREET_TWIN,2016,6996
3503282-6a0e40b4,TRIUMPH,TIGER_EXPLORER,2016,11919
3624614-71929532,TRIUMPH,TIGER_800,2016,10546
3621356-c90d454b,TRIUMPH,ROCKET,2016,10670
3600164-d40adb41,TRIUMPH,BONNEVILLE_T100,2016,6594
3598590-cfa4002f,TRIUMPH,THRUXTON,2016,9393
3585230-30f94d4e,TRIUMPH,ROCKET,2016,8680
3585280-fbb79513,TRIUMPH,THRUXTON,2016,8227
3555568-41910ecf,TRIUMPH,AMERICA,2015,7644
3624734-400074c7,TRIUMPH,THUNDERBIRD_LT,2015,10494
3619188-a604016c,TRIUMPH,TIGER_EXPLORER,2015,8421
3571728-01fbf143,TRIUMPH,AMERICA,2015,7644
3571130-4acc4ca8,TRIUMPH,AMERICA,2015,7644
3571012-e1d8f879,TRIUMPH,AMERICA,2015,7644
3544044-d0cbf61f,TRIUMPH,ROCKET,2015,19304
3431924-dd2a9fa3,TRIUMPH,BONNEVILLE_T100,2015,6931
3538292-ae48166e,TRIUMPH,ROCKET,2015,13020
3455596-b08b6571,TRIUMPH,STREET_TRIPLE,2015,8000
3483522-d8c61fdb,TRIUMPH,THRUXTON,2015,6348
3552176-827a4196,TRIUMPH,TIGER,2015,7514
3592164-db21b2cf,TRIUMPH,TIGER_800,2015,7709
3570020-841a0907,TRIUMPH,TIGER_800,2015,7500
3555568-41910ecf,TRIUMPH,AMERICA,2015,7644
3624734-400074c7,TRIUMPH,THUNDERBIRD_LT,2015,10494
3619188-a604016c,TRIUMPH,TIGER_EXPLORER,2015,8421
3571728-01fbf143,TRIUMPH,AMERICA,2015,7644
3571130-4acc4ca8,TRIUMPH,AMERICA,2015,7644
3571012-e1d8f879,TRIUMPH,AMERICA,2015,7644
3544044-d0cbf61f,TRIUMPH,ROCKET,2015,19304
3431924-dd2a9fa3,TRIUMPH,BONNEVILLE_T100,2015,6931
3538292-ae48166e,TRIUMPH,ROCKET,2015,13020
3455596-b08b6571,TRIUMPH,STREET_TRIPLE,2015,8000
3483522-d8c61fdb,TRIUMPH,THRUXTON,2015,6348
3552176-827a4196,TRIUMPH,TIGER,2015,7514
3592164-db21b2cf,TRIUMPH,TIGER_800,2015,7709
3570020-841a0907,TRIUMPH,TIGER_800,2015,7500
3570020-841a0907,TRIUMPH,TIGER_800,2015,7500
3453434-ccf4d0d1,TRIUMPH,STREET_TRIPLE,2015,6300
3614954-a1ac91be,TRIUMPH,TIGER_800,2015,8810
3545744-02a7131c,TRIUMPH,TIGER_EXPLORER,2015,9069
3505876-cacab88e,TRIUMPH,BONNEVILLE_T100,2015,4521
3481624-575acc0f,TRIUMPH,TIGER_800,2015,8032
3309872-0e375a4f,TRIUMPH,ROCKET,2015,13707
3479838-a5e35a26,TRIUMPH,TIGER_800,2015,7760
3058218-f1c86fba,TRIUMPH,TIGER_800,2015,6465
3483610-80a14a08,TRIUMPH,BONNEVILLE_T100,2015,5960
2910395-f6ec3896,TRIUMPH,THUNDERBIRD_COMMANDER,2015,12269
3595206-46247322,TRIUMPH,AMERICA,2015,7644
3624940-8bccb472,TRIUMPH,ROCKET,2015,17490
3481852-7aba6532,TRIUMPH,THRUXTON,2015,11012
3432930-35651670,TRIUMPH,THRUXTON,2015,9717
3624598-2e4ba180,TRIUMPH,DAYTONA,2015,12295
3587018-4659f92c,TRIUMPH,ROCKET,2015,11397
3573140-356bd1e4,TRIUMPH,TROPHY_1200,2014,8019
3475252-98d2220c,TRIUMPH,BONNEVILLE,2014,7126
3462174-7d54ed57,TRIUMPH,TROPHY_1200,2014,7773
3255472-56715191,TRIUMPH,DAYTONA,2014,7773
3584988-0ada4b90,TRIUMPH,ROCKET,2014,12049
3573140-356bd1e4,TRIUMPH,TROPHY_1200,2014,8019
3475252-98d2220c,TRIUMPH,BONNEVILLE,2014,7126
3462174-7d54ed57,TRIUMPH,TROPHY_1200,2014,7773
3255472-56715191,TRIUMPH,DAYTONA,2014,7773
3584988-0ada4b90,TRIUMPH,ROCKET,2014,12049
3553106-37783d6a,TRIUMPH,ROCKET,2014,11660
3597714-317f636c,TRIUMPH,ROCKET,2014,9846
3600328-19166ec0,TRIUMPH,TIGER_800,2014,8279
3384410-9898b90c,TRIUMPH,ROCKET,2014,12243
3618144-a1338767,TRIUMPH,TIGER_EXPLORER,2014,6672
3376158-6e012af1,TRIUMPH,ROCKET,2014,11789
2912025-b2b62c9c,TRIUMPH,THUNDERBIRD_COMMANDER,2014,11984
3417590-2d8eacbb,TRIUMPH,ROCKET,2014,12761
3435724-99b9fe31,TRIUMPH,THRUXTON,2014,6154
3578692-6feba44d,TRIUMPH,TIGER,2014,7760
3443682-ea9d492f,TRIUMPH,ROCKET,2014,12049
3545554-cfc4f8f8,TRIUMPH,SCRAMBLER,2014,7385
2697961-5ecce3c5,TRIUMPH,BONNEVILLE_T100,2014,7061
3579146-50f21114,TRIUMPH,BONNEVILLE_T100,2014,7126
3516944-da772d36,TRIUMPH,BONNEVILLE,2014,6283
3589048-8e3c5758,TRIUMPH,ROCKET,2014,12955
3612790-e7edb0d3,TRIUMPH,THRUXTON,2014,7773
3603414-966274fc,TRIUMPH,ROCKET,2014,14251
3582538-474cef28,TRIUMPH,ROCKET,2014,12049
3587088-35729adc,TRIUMPH,SPEEDMASTER,2014,5830
3605714-4920207f,TRIUMPH,THUNDERBIRD_LT,2014,10105
3626520-22025f21,TRIUMPH,SPEEDMASTER,2014,7126
3624594-48960a90,TRIUMPH,THUNDERBIRD_1600,2014,9587
3612764-53b90425,TRIUMPH,BONNEVILLE,2014,5053
3442946-a95641dc,TRIUMPH,ROCKET,2014,12308
3605124-1236638c,TRIUMPH,THRUXTON,2014,4405
3563530-d849b6ec,TRIUMPH,BONNEVILLE_SPEEDMASTER,2014,4016
3572482-26cda875,TRIUMPH,STREET_TRIPLE,2014,3368
3593814-0d464d42,TRIUMPH,ROCKET,2014,7773
3628344-b9b8135d,TRIUMPH,ROCKET,2013,10753
3509656-dde3fc8e,TRIUMPH,ROCKET,2013,11012
3618862-2ca587c1,TRIUMPH,STREET_TRIPLE,2013,4236
3065236-0f626ce5,TRIUMPH,BONNEVILLE_T100,2013,18138
3613684-7fc237a6,TRIUMPH,SPEED_TRIPLE,2013,6089
3609614-d37d1c9e,TRIUMPH,TIGER_800,2013,7514
3581144-ed6982fb,TRIUMPH,ROCKET,2013,9976
3544060-192e7a2e,TRIUMPH,TIGER_EXPLORER,2013,8810
3576728-30d5225b,TRIUMPH,DAYTONA,2013,8421
3566930-6b7f118d,TRIUMPH,DAYTONA,2013,7113
3411256-65c62a0e,TRIUMPH,TIGER_800,2013,6283
3628344-b9b8135d,TRIUMPH,ROCKET,2013,10753
3509656-dde3fc8e,TRIUMPH,ROCKET,2013,11012
3618862-2ca587c1,TRIUMPH,STREET_TRIPLE,2013,4236
3065236-0f626ce5,TRIUMPH,BONNEVILLE_T100,2013,18138
3613684-7fc237a6,TRIUMPH,SPEED_TRIPLE,2013,6089
3609614-d37d1c9e,TRIUMPH,TIGER_800,2013,7514
3581144-ed6982fb,TRIUMPH,ROCKET,2013,9976
3544060-192e7a2e,TRIUMPH,TIGER_EXPLORER,2013,8810
3576728-30d5225b,TRIUMPH,DAYTONA,2013,8421
3566930-6b7f118d,TRIUMPH,DAYTONA,2013,7113
3411256-65c62a0e,TRIUMPH,TIGER_800,2013,6283
3411256-65c62a0e,TRIUMPH,TIGER_800,2013,6283
3051624-438341e9,TRIUMPH,AMERICA,2013,5377
3532192-e38d4408,TRIUMPH,TIGER_EXPLORER,2013,7579
3257222-7d11a0d9,TRIUMPH,THUNDERBIRD_1600,2013,6866
3477098-5d2715a1,TRIUMPH,THUNDERBIRD_STORM,2013,10468
3477806-aa12cc78,TRIUMPH,ROCKET,2013,10364
3209332-ded4239d,TRIUMPH,SCRAMBLER,2013,7359
3220620-eebba6df,TRIUMPH,TIGER_EXPLORER,2013,9445
3592754-6c4e6363,TRIUMPH,BONNEVILLE_T100,2013,16194
3487862-4e00a89c,TRIUMPH,TIGER,2013,7760
3304250-7cc6ee9a,TRIUMPH,THUNDERBIRD_LT,2013,9380
3430982-b113e58c,TRIUMPH,THUNDERBIRD_LT,2013,10947
3518368-b821b54f,TRIUMPH,THUNDERBIRD_1600,2013,5817
3344330-6845bc88,TRIUMPH,SPEED_TRIPLE,2013,6465
3601880-206e6912,TRIUMPH,TROPHY_1200,2013,6996
3097974-05b3631b,TRIUMPH,STREET_TRIPLE,2013,6685
3443434-1d05c81a,TRIUMPH,ROCKET,2013,12955
3564806-b1b6b4ed,TRIUMPH,THRUXTON,2013,6465
2514300-a340b2b8,TRIUMPH,ROCKET,2013,8939
3346590-403296d7,TRIUMPH,THRUXTON,2013,12955
3513672-0f7e3435,TRIUMPH,THUNDERBIRD_1600,2013,8421
3567916-601c97e8,TRIUMPH,TROPHY_1200,2013,8032
3551404-feb365cc,TRIUMPH,BONNEVILLE_T100,2013,6348
2773884-150b0414,TRIUMPH,THUNDERBIRD_STORM,2013,16842
3619522-9e0f2779,TRIUMPH,STREET_TRIPLE,2013,5506
3606136-98a31ced,TRIUMPH,DAYTONA,2013,9464
3586244-6a3c9098,TRIUMPH,TIGER_800,2013,6633
3563534-1af2f6d5,TRIUMPH,THUNDERBIRD_1600,2013,4794
3593802-83c3d1d5,TRIUMPH,ROCKET,2013,7981
3509762-61384ea7,TRIUMPH,SPRINT_GT,2012,4534
3587514-b7458a7f,TRIUMPH,ROCKET,2012,11271
3609098-f2a2ff83,TRIUMPH,SPEEDMASTER,2012,5441
3606702-fbf55a5f,TRIUMPH,SPEED_TRIPLE,2012,6154
3614488-2ca743f3,TRIUMPH,THUNDERBIRD_1600,2012,6866
3405004-3cb8efc0,TRIUMPH,THUNDERBIRD_1600,2012,7644
3576524-3093ee03,TRIUMPH,ROCKET,2012,11835
3509762-61384ea7,TRIUMPH,SPRINT_GT,2012,4534
3587514-b7458a7f,TRIUMPH,ROCKET,2012,11271
3609098-f2a2ff83,TRIUMPH,SPEEDMASTER,2012,5441
3606702-fbf55a5f,TRIUMPH,SPEED_TRIPLE,2012,6154
3614488-2ca743f3,TRIUMPH,THUNDERBIRD_1600,2012,6866
3405004-3cb8efc0,TRIUMPH,THUNDERBIRD_1600,2012,7644
3576524-3093ee03,TRIUMPH,ROCKET,2012,11835
3522558-fe7ece7e,TRIUMPH,AMERICA,2012,4016
3378804-97ab7280,TRIUMPH,TIGER_EXPLORER,2012,8693
3477558-7841324f,TRIUMPH,THRUXTON,2012,5830
3601780-33948171,TRIUMPH,ROCKET,2012,12943
3620762-d978786b,TRIUMPH,BONNEVILLE,2012,5506
3617940-95438768,TRIUMPH,STREET_TRIPLE,2012,4275
3225218-318e4989,TRIUMPH,STREET_TRIPLE,2012,4534
3523686-de4d5d1e,TRIUMPH,BONNEVILLE_T100,2012,8421
3628052-ebd4b94d,TRIUMPH,BONNEVILLE,2012,4146
3626556-dfa5e9cd,TRIUMPH,SPEED_TRIPLE,2012,6478
3605120-e66691da,TRIUMPH,BONNEVILLE,2012,4664
3593812-8ea6a3cf,TRIUMPH,ROCKET,2012,7126
3581344-579de31f,TRIUMPH,THRUXTON,2012,4392
3517860-23c96d32,TRIUMPH,ROCKET,2012,9328
3411730-478f6dde,TRIUMPH,SPEEDMASTER,2011,15547
3628280-26400c46,TRIUMPH,STREET_TRIPLE,2011,4923
3624874-79d1c5a3,TRIUMPH,SPEED_TRIPLE,2011,6154
3618936-919e39f9,TRIUMPH,STREET_TRIPLE,2011,4340
3618682-bedc43ee,TRIUMPH,TIGER_800,2011,5895
3618460-75fe5f1b,TRIUMPH,DAYTONA,2011,4794
3615246-e1f0221f,TRIUMPH,TIGER,2011,5830
3609526-27a1c963,TRIUMPH,TIGER,2011,5700
3595112-93288c07,TRIUMPH,ROCKET,2011,9717
3528832-d46a5bd8,TRIUMPH,SPEED_TRIPLE,2011,6154
3411730-478f6dde,TRIUMPH,SPEEDMASTER,2011,15547
3628280-26400c46,TRIUMPH,STREET_TRIPLE,2011,4923
3624874-79d1c5a3,TRIUMPH,SPEED_TRIPLE,2011,6154
3618936-919e39f9,TRIUMPH,STREET_TRIPLE,2011,4340
3618682-bedc43ee,TRIUMPH,TIGER_800,2011,5895
3618460-75fe5f1b,TRIUMPH,DAYTONA,2011,4794
3615246-e1f0221f,TRIUMPH,TIGER,2011,5830
3609526-27a1c963,TRIUMPH,TIGER,2011,5700
3595112-93288c07,TRIUMPH,ROCKET,2011,9717
3528832-d46a5bd8,TRIUMPH,SPEED_TRIPLE,2011,6154
3417642-78146b4c,TRIUMPH,ROCKET,2011,14251
3572382-5758e372,TRIUMPH,ROCKET,2011,11660
3603656-ea039446,TRIUMPH,SCRAMBLER,2011,7773
3451088-bcc1a05a,TRIUMPH,SPEEDMASTER,2011,4599
3502658-ee56d3da,TRIUMPH,SPEED_TRIPLE,2011,5571
3595618-a0978cd1,TRIUMPH,SPEEDMASTER,2011,6024
3552078-b11e95ca,TRIUMPH,BONNEVILLE_T100,2011,6413
3329724-3f503407,TRIUMPH,ROCKET,2011,9069
3599720-e9b08fd2,TRIUMPH,TIGER_800,2011,4729
3548656-8600965c,TRIUMPH,TIGER_800,2011,6866
3565274-d477c9a4,TRIUMPH,STREET_TRIPLE,2011,3938
2649500-fc5105d2,TRIUMPH,THRUXTON,2011,14251
3621212-f5c1ff47,TRIUMPH,BONNEVILLE,2011,5830
3500040-b7a87aab,TRIUMPH,TIGER_800,2011,5934
3578062-00f3c5bf,TRIUMPH,STREET_TRIPLE,2011,6478
3586462-b7098269,TRIUMPH,BONNEVILLE,2011,7773
3563986-353c290d,TRIUMPH,ROCKET,2011,11660
3008405-fce8c356,TRIUMPH,ROCKET,2011,11660
3619722-9555bab5,TRIUMPH,DAYTONA,2011,5377
3538026-057ec71d,TRIUMPH,SPEEDMASTER,2011,6802
3529516-dfb45688,TRIUMPH,ROCKET,2011,8421
3612452-6f5b3b23,TRIUMPH,SPEED_TRIPLE,2010,5830
3612452-6f5b3b23,TRIUMPH,SPEED_TRIPLE,2010,5830
3474296-606c8e72,TRIUMPH,THUNDERBIRD_1600,2010,7126
3409538-1eadf9c7,TRIUMPH,THUNDERBIRD_1600,2010,7773
3554844-327ae857,TRIUMPH,THRUXTON,2010,9069
2703011-b20e30be,TRIUMPH,THUNDERBIRD_1600,2010,7200
3575362-bd7d2030,TRIUMPH,ROCKET,2010,8421
3286666-3189e40e,TRIUMPH,ROCKET,2010,7709
3617398-9854f585,TRIUMPH,STREET_TRIPLE,2010,4081
3605128-21f1203b,TRIUMPH,THRUXTON,2010,4275
3483418-8dce7609,TRIUMPH,TIGER,2009,5636
3472252-a14b0ff1,TRIUMPH,AMERICA,2009,4405
3599338-bc6b7721,TRIUMPH,SPEEDMASTER,2009,5038
2928349-9d13b2da,TRIUMPH,ROCKET,2009,7126
3144206-f61eea30,TRIUMPH,AMERICA,2009,5247
3270460-4ef050b4,TRIUMPH,THUNDERBIRD_1600,2009,7061
3519224-67f5fe38,TRIUMPH,DAYTONA,2009,4794
3550778-c4a3984f,TRIUMPH,DAYTONA_600,2008,2850
3628580-6237fafe,TRIUMPH,TIGER,2008,4923
3618548-68bfbaa2,TRIUMPH,DAYTONA,2008,4858
3618452-e8acfb70,TRIUMPH,STREET_TRIPLE,2008,3433
3618384-49d8520c,TRIUMPH,TIGER,2008,4120
3618742-4c81a5a7,TRIUMPH,STREET_TRIPLE,2008,4599
3618714-4ed491c4,TRIUMPH,BONNEVILLE_T100,2008,5117
3256570-4ea94834,TRIUMPH,ROCKET,2008,8356
3552872-32743644,TRIUMPH,TIGER,2008,5182
3569068-aea4206c,TRIUMPH,ROCKET,2008,8421
3550778-c4a3984f,TRIUMPH,DAYTONA_600,2008,2850
3628580-6237fafe,TRIUMPH,TIGER,2008,4923
3618548-68bfbaa2,TRIUMPH,DAYTONA,2008,4858
3618452-e8acfb70,TRIUMPH,STREET_TRIPLE,2008,3433
3618384-49d8520c,TRIUMPH,TIGER,2008,4120
3618742-4c81a5a7,TRIUMPH,STREET_TRIPLE,2008,4599
3618714-4ed491c4,TRIUMPH,BONNEVILLE_T100,2008,5117
3256570-4ea94834,TRIUMPH,ROCKET,2008,8356
3552872-32743644,TRIUMPH,TIGER,2008,5182
3569068-aea4206c,TRIUMPH,ROCKET,2008,8421
3569068-aea4206c,TRIUMPH,ROCKET,2008,8421
3600326-066f8a42,TRIUMPH,DAYTONA,2008,6219
3549838-68d134b0,TRIUMPH,SPRINT_ST,2008,3628
3282658-edab5dd6,TRIUMPH,ROCKET,2008,8227
3584032-dd3a7238,TRIUMPH,STREET_TRIPLE,2008,3874
3351846-b495bc4c,TRIUMPH,ROCKET,2008,5182
3506898-97bb828f,TRIUMPH,DAYTONA,2008,5182
3595614-f39d354c,TRIUMPH,THRUXTON,2008,5700
3519568-992da9d7,TRIUMPH,ROCKET,2008,7126
3268136-6f8ad1cf,TRIUMPH,BONNEVILLE_T100,2008,8162
3418940-a243183a,TRIUMPH,ROCKET,2008,9717
3549564-0ff2d80f,TRIUMPH,ROCKET,2008,8421
3491416-57de9830,TRIUMPH,SPEED_TRIPLE,2008,6089
3605488-7580b78c,TRIUMPH,ROCKET,2008,8512
3604128-fb54debb,TRIUMPH,SPEED_TRIPLE,2008,5182
3624168-4bf6e9a9,TRIUMPH,TIGER,2007,5441
3618506-c2d9d105,TRIUMPH,STREET_TRIPLE,2007,3433
3485060-adf13c97,TRIUMPH,ROCKET,2007,8637
3624168-4bf6e9a9,TRIUMPH,TIGER,2007,5441
3618506-c2d9d105,TRIUMPH,STREET_TRIPLE,2007,3433
3485060-adf13c97,TRIUMPH,ROCKET,2007,8637
3581172-71fc7707,TRIUMPH,SPEEDMASTER,2007,4405
3572662-5e9433f4,TRIUMPH,SPEED_TRIPLE,2007,4534
3616406-e6c3d702,TRIUMPH,TIGER,2007,4211
3531552-6cc15145,TRIUMPH,STREET_TRIPLE,2007,3757
3588910-8248bfd8,TRIUMPH,TIGER,2007,4314
3380426-f7cacb43,TRIUMPH,ROCKET,2007,7255
3384060-1d69d53f,TRIUMPH,ROCKET,2007,6576
3485112-dd828415,TRIUMPH,TIGER,2007,4379
3405212-2900561c,TRIUMPH,SPEEDMASTER,2007,3485
3595052-2c3d2e57,TRIUMPH,TIGER,2007,4729
3623678-3d400ef0,TRIUMPH,SPEEDMASTER,2007,3887
3590504-ea617cbf,TRIUMPH,SPEEDMASTER,2007,5830
3575016-34c1a7ec,TRIUMPH,DAYTONA,2007,3874
3529490-8ada61e8,TRIUMPH,SPEEDMASTER,2007,6465
3596206-f415cd46,TRIUMPH,SCRAMBLER,2007,5441
3331370-960e4ecb,TRIUMPH,SPEEDMASTER,2007,4534
3240724-23da4462,TRIUMPH,TIGER,2007,3887
3598316-c23716b2,TRIUMPH,ROCKET,2007,8421
3520980-3faebc3a,TRIUMPH,TIGER,2007,4146
3624586-a81c8b7b,TRIUMPH,DAYTONA,2007,4314
3619224-b56aa0b0,TRIUMPH,TIGER,2007,4599
3618938-6482371e,TRIUMPH,TIGER,2007,4858
3607334-980c5475,TRIUMPH,ROCKET,2007,7514
3555552-42326912,TRIUMPH,ROCKET,2006,6219
3555552-42326912,TRIUMPH,ROCKET,2006,6219
3343964-8705a081,TRIUMPH,SPEEDMASTER,2006,4275
3244168-24df2862,TRIUMPH,SPRINT_ST,2006,3304
3512628-42589948,TRIUMPH,ROCKET,2006,7773
3590827-41169990,TRIUMPH,ROCKET,2006,6737
3117060-7d1910c1,TRIUMPH,ROCKET,2006,6737
3060252-c5a2cdca,TRIUMPH,SPRINT_ST,2006,3757
3480376-f8d8c798,TRIUMPH,SPEEDMASTER,2006,3239
3607054-f141eca0,TRIUMPH,TIGER_955I,2006,3368
3628264-2f068a95,TRIUMPH,ROCKET,2006,5817
3521746-993d9e8a,TRIUMPH,DAYTONA_955I,2005,2850
3624764-6b22f74d,TRIUMPH,ROCKET,2005,7320
3618614-a2741801,TRIUMPH,BONNEVILLE_T100,2005,4470
3608154-b2fd8380,TRIUMPH,DAYTONA_650,2005,3951
3051942-613380bf,TRIUMPH,DAYTONA_955I,2005,3000
3131478-f0d8c5c7,TRIUMPH,ROCKET,2005,6089
3608336-9568b1d6,TRIUMPH,SPRINT_ST,2005,4146
3521746-993d9e8a,TRIUMPH,DAYTONA_955I,2005,2850
3624764-6b22f74d,TRIUMPH,ROCKET,2005,7320
3618614-a2741801,TRIUMPH,BONNEVILLE_T100,2005,4470
3608154-b2fd8380,TRIUMPH,DAYTONA_650,2005,3951
3051942-613380bf,TRIUMPH,DAYTONA_955I,2005,3000
3131478-f0d8c5c7,TRIUMPH,ROCKET,2005,6089
3608336-9568b1d6,TRIUMPH,SPRINT_ST,2005,4146
3521870-8af61b99,TRIUMPH,ROCKET,2005,10351
3051942-613380bf,TRIUMPH,DAYTONA_955I,2005,3000
3128996-24c5f0d4,TRIUMPH,ROCKET,2005,6866
3449360-f29bd1c7,TRIUMPH,ROCKET,2005,5960
3582926-8b19ee38,TRIUMPH,ROCKET,2005,6996
3220086-d3cd3c38,TRIUMPH,ROCKET,2005,7385
2948314-f11b42b5,TRIUMPH,SPRINT_ST,2005,3498
3533726-a0f5ef10,TRIUMPH,SPRINT_ST,2005,4534
3174504-c252f78a,TRIUMPH,ROCKET,2005,7773
3535163-03b25326,TRIUMPH,SPRINT_ST,2005,3368
3619272-c372e49a,TRIUMPH,THRUXTON,2005,4470
3614786-c33a093a,TRIUMPH,ROCKET,2005,5513
3476776-5b15b44f,TRIUMPH,ROCKET,2005,7061
3534670-4fc2a2a8,TRIUMPH,TIGER_955I,2004,5247
3534670-4fc2a2a8,TRIUMPH,TIGER_955I,2004,5247
3531454-97e84c37,TRIUMPH,ROCKET,2004,5830
3534670-4fc2a2a8,TRIUMPH,TIGER_955I,2004,5247
3398636-9a4e644f,TRIUMPH,DAYTONA_955I,2004,3239
3381524-06d82ebf,TRIUMPH,TIGER_955I,2004,3239
3579386-7438bb3d,TRIUMPH,ROCKET,2004,6348
3449350-f12d3c8f,TRIUMPH,ROCKET,2004,6866
3626720-174a543d,TRIUMPH,ROCKET,2004,6900
3610568-917ebc5f,TRIUMPH,ROCKET,2004,6478
2844077-318b42ff,TRIUMPH,DAYTONA_600,2004,3628
3249604-debe05de,TRIUMPH,DAYTONA_600,2003,2332
3249604-debe05de,TRIUMPH,DAYTONA_600,2003,2332
2873332-ab89773c,TRIUMPH,SPEED_TRIPLE,2003,3874
3507166-0a6b8006,TRIUMPH,AMERICA,2003,4016
3332342-b8b6ac22,TRIUMPH,DAYTONA_600,2003,7514
3617108-a5e70e87,TRIUMPH,AMERICA,2003,3239
3548094-a8ff4c10,TRIUMPH,TIGER_955I,2002,2915
3548094-a8ff4c10,TRIUMPH,TIGER_955I,2002,2915
3580974-f36aa30d,TRIUMPH,TROPHY_1200,2002,2800
2710854-a259417f,TRIUMPH,SPRINT_ST,2002,4000
3146526-e3e3b68f,TRIUMPH,SPRINT_RS,2002,3239
3444714-90b1ab1e,TRIUMPH,SPRINT_ST,2000,2462
3615780-85aace42,TRIUMPH,TT_600,2000,2591
3593628-b53610c2,TRIUMPH,TT_600,2000,2073
3412376-ec981a94,TRIUMPH,SPRINT_ST,2000,2073
3627396-24b2a001,TRIUMPH,TIGER_900,1999,3400
3627396-24b2a001,TRIUMPH,TIGER_900,1999,3400
3502404-b4b124e7,TRIUMPH,SPRINT_ST,1999,2850
3582452-ebf04cf1,TRIUMPH,T509_SPEED_TRIPLE,1998,2591
3614416-5ab7e9f6,TRIUMPH,TIGER_900,1997,3239
3535882-46a0cce4,TRIUMPH,SPEED_TRIPLE,1996,2228
3592152-ea9688eb,TRIUMPH,THUNDERBIRD_900,1995,3822
3578000-ba4ca123,TRIUMPH,DAYTONA_900,1995,1036
3508666-2d180620,TRIUMPH,TRIDENT_900,1994,2400
2934302-1360facf,TRIUMPH,BONNEVILLE,1973,15547
3004457-09a412c5,TRIUMPH,BONNEVILLE,1972,12826
